,country,year,arrivals_dom,arrivals_for,arrivals_tot,nights_dom,nights_for,nights_tot,night_cost,purpose_leisure,purpose_work,purpose_visit,purpose_personal,purpose_other,purpose_tot
0,Albania,2017,,,,,,,20.04,6682481,4583314,12552111,22032000,2797408,26615314
1,Albania,2018,476294,766467,1242761,931190,2143467,3074657,,,,,,,
2,Albania,2019,468787,784709,1253496,1103905,2149514,3253419,15.29,10741657,2727822,13625132,26550098,2183308,29277919
3,Albania,2020,371523,293657,665180,800028,805416,1605444,32.14,8852021,425800,3983969,14218759,1382769,14644559
4,Albania,2021,545835,685081,1230916,1155185,2030887,3186072,,,,,,,
5,Albania,2022,683467,886515,1569982,1339177,2492152,3831329,,,,,,,
6,Albania,2023,926803,1409327,2336130,2101259,3906595,6007854,,,,,,,
7,Albania,2024,993348,2185093,3178441,2214777,5230937,7445714,,,,,,,
8,Austria,2013,,,,,,,130.2,68935790,12562465,15376914,92533683,8220980,105096149
9,Austria,2014,11400395,22246197,33646592,32341680,78099096,110440776,127.19,73129896,13669632,16532336,93685800,4023568,107355432
10,Austria,2015,11805718,23544384,35350102,33060945,80304956,113365901,127.16,72994448,13429771,15231496,92382814,4156869,105812584
11,Austria,2016,12413155,24677596,37090751,34558881,83398372,117957253,130.55,75657932,11876869,19301848,99626776,4666996,111503645
12,Austria,2017,12680617,25906005,38586622,35082222,86044321,121126543,132.15,78140356,11323721,17627175,100727344,4959813,112051065
13,Austria,2018,13087273,27006207,40093480,35935386,89293784,125229170,134.5,71485631,9757661,20307698,98939084,7145755,108696746
14,Austria,2019,13359120,27962315,41321435,36504339,91386215,127890554,139.56,75514710,11779663,22238791,103403261,5649761,115182924
15,Austria,2020,9034335,12637309,21671644,27990963,51142436,79133399,117.81,34863906,7149314,16278641,54695161,3552614,61844475
16,Austria,2021,8659900,11098084,19757984,26674565,40034274,66708839,124.52,49225902,7820353,23039379,76834235,4568954,84654588
17,Austria,2022,12695341,22874333,35569674,35592486,79470210,115062696,147.42,82021721,13328666,29628281,121290172,9640170,134618838
18,Austria,2023,13437243,27212813,40650056,36742409,91023501,127765910,160.79,87556619,13895960,36122166,136728758,13049973,150624718
19,Austria,2024,13669736,28498633,42168369,37192120,94009113,131201233,175.14,96333855,14741137,32630339,141171905,12207711,155913042
20,Austria,2025,13816162,29764173,43580335,37437110,97020394,134457504,,,,,,,
21,Belgium,2013,,,,,,,96.13,76875813,5428686,12247696,91080366,1956857,96509052
22,Belgium,2014,6753644,7887426,14641070,15536809,17068872,32605681,84.61,75674253,4558717,12489223,90844916,2681439,95403633
23,Belgium,2015,7492173,8354753,15846926,19528328,18852087,38380415,83.43,77717579,5224671,12457569,92075939,1900790,97300609
24,Belgium,2016,7729359,7481422,15210781,19792020,17063194,36855214,89.8,88229152,6619282,13740419,103769522,1799951,110388803
25,Belgium,2017,7934684,8384573,16319257,20020465,18656843,38677308,87.47,75785789,5196200,16334803,93819309,1698716,99015509
26,Belgium,2018,8441061,9118854,17559915,20755601,20564683,41320284,81.83,91336698,6954332,19234604,112068134,1496832,119022466
27,Belgium,2019,8714287,9343324,18057611,21308009,21204838,42512847,89.43,90007799,6553923,20318738,115116412,4789874,121670335
28,Belgium,2020,4792476,2583941,7376417,13630700,6546786,20177486,59.12,45520280,4727843,12954507,61871865,3397078,66599708
29,Belgium,2021,7728918,3243053,10971971,21369885,7850962,29220847,63.74,65469519,4507784,17993823,87739875,4276534,92247659
30,Belgium,2022,9406484,8220161,17626645,23646343,19377781,43024124,89.0,90642596,6551956,22237777,117322491,4442118,123874447
31,Belgium,2023,9296452,9279571,18576023,23102177,21594425,44696602,96.71,98068995,5601058,25457817,128574758,5047946,134175816
32,Belgium,2024,9278532,9638187,18916719,22563809,22279289,44843098,102.15,112087166,6657284,28907942,146375707,5380599,153032991
33,Bulgaria,2013,,,,,,,28.54,10841873,1128975,6014528,18012068,1155668,19141043
34,Bulgaria,2014,3154330,2791578,5945908,7620593,14077798,21698391,35.23,9289445,574843,5299820,15963409,1374145,16538253
35,Bulgaria,2015,3414665,2864371,6279036,8045535,13352281,21397816,36.29,8024366,677164,4420050,13300637,856221,13977801
36,Bulgaria,2016,3809465,3386932,7196397,9035330,16150666,25185996,36.52,9443659,804568,4953636,15217066,819772,16021635
37,Bulgaria,2017,3805816,3655830,7461646,8948529,17105567,26054096,36.78,13526452,680592,7434606,21990173,1029116,22670765
38,Bulgaria,2018,3889521,3910159,7799680,9096088,17748925,26845013,37.12,13142012,837679,7984730,22015397,888654,22853076
39,Bulgaria,2019,4120284,4067350,8187634,9674945,17479846,27154791,42.74,12816057,688888,7265898,21293370,1211415,21982258
40,Bulgaria,2020,2847984,1175779,4023763,7312194,4656289,11968483,45.34,7391670,294996,3473355,11241983,376957,11536979
41,Bulgaria,2021,3754603,1893031,5647634,9626501,7993767,17620268,50.05,8825456,293312,3059188,12437981,553336,12731292
42,Bulgaria,2022,4551371,3069863,7621234,11286336,12886955,24173291,69.08,12539060,547917,4193040,17639156,907057,18187073
43,Bulgaria,2023,5019035,3621413,8640448,12311004,14554042,26865046,68.84,13780801,651762,5552540,20579554,1246213,21231317
44,Bulgaria,2024,5212667,3770036,8982703,12588156,15058045,27646201,82.57,15550649,563463,4984304,21668429,1133476,22231891
45,Croatia,2013,,,,,,,42.71,19512975,7780895,16668057,43696848,7515816,51477742
46,Croatia,2014,1444016,11438806,12882822,5052330,61072661,66124991,39.11,19556801,10517963,11810553,37422357,6055003,47940320
47,Croatia,2015,1613517,12543509,14157026,5655990,65683010,71339000,46.35,19991955,4631386,13052309,37592955,4548691,42224340
48,Croatia,2016,1739147,13707444,15446591,5759532,72064582,77824114,45.71,14422203,3703319,6066147,23077948,2589598,26781267
49,Croatia,2017,1828233,15581704,17409937,5918043,80176804,86094847,49.94,16554671,4804039,7473254,26633172,2605247,31437211
50,Croatia,2018,2013924,16635013,18648937,6427780,83139873,89567653,56.53,15152540,4468153,7377986,24738769,2208243,29206922
51,Croatia,2019,2205439,17348056,19553495,7053932,84124151,91178083,52.09,17155924,3646832,8468650,28229007,2604434,31875839
52,Croatia,2020,1452598,5544784,6997382,5394858,35376486,40771344,36.49,11948801,881775,5441139,18566235,1176295,19448010
53,Croatia,2021,2130704,10640050,12770754,7327520,62844164,70171684,43.02,15101747,1907831,6291276,22994782,1601759,24902613
54,Croatia,2022,2446921,15322224,17769145,7726655,82278728,90005383,56.53,17148822,1991626,6396395,24585276,1040059,26576902
55,Croatia,2023,2632929,16853644,19486573,8083165,84257983,92341148,67.46,18858690,2949894,8783582,29478476,1836203,32428371
56,Croatia,2024,2862219,17377097,20239316,8688362,84955334,93643696,83.49,20799478,1980348,8173978,30069015,1095559,32049363
57,Cyprus,2013,,,,,,,71.39,8477596,1207047,4208885,15792375,3105894,16999423
58,Cyprus,2014,433979,1935641,2369620,830943,12884399,13715342,70.16,8414587,1732916,5245571,17340400,3680242,19073316
59,Cyprus,2015,441552,1874323,2315875,824517,12550320,13374837,75.23,6261123,1426221,5577550,14730847,2892175,16157068
60,Cyprus,2016,461785,2268176,2729961,844182,14504702,15348884,82.89,7197125,1237935,5174181,15837339,3466032,17075275
61,Cyprus,2017,457850,2488611,2946461,834104,15946809,16780913,93.7,8906777,1517937,4219006,16401111,3275327,17919048
62,Cyprus,2018,511418,2665743,3177161,916840,16247342,17164182,107.03,9121593,1105383,2923974,14534395,2488828,15639778
63,Cyprus,2019,553613,2689344,3242957,1012569,16561115,17573684,110.89,8974660,1334491,4091053,15976501,2910788,17310993
64,Cyprus,2020,572196,532322,1104518,1092094,2633160,3725254,70.09,5364174,382755,1486613,10064041,3213254,10446796
65,Cyprus,2021,713176,1404355,2117531,1547845,8193773,9741618,75.38,6520130,537435,1582340,9415909,1313439,9953344
66,Cyprus,2022,648129,2174270,2822399,1317451,12934983,14252434,120.12,7563536,816891,3831375,13010663,1615752,13827553
67,Cyprus,2023,628284,2537250,3165534,1207788,14428337,15636125,135.04,9939940,1203914,3880571,15332686,1512175,16536600
68,Cyprus,2024,686132,3030161,3716293,1350625,16558853,17909478,131.6,11209685,1052678,4427349,16964238,1327203,18016916
69,Czechia,2013,,,,,,,30.31,88490674,4349460,33462207,126664599,4711719,131014059
70,Czechia,2014,7491191,8095885,15587076,20836817,22110112,42946929,26.58,89223278,3441769,38380400,132228650,4624972,135670419
71,Czechia,2015,8488637,8706913,17195550,23807391,23286515,47093906,31.54,79849422,3330221,35857004,120787429,5081003,124117650
72,Czechia,2016,9067413,9321440,18388853,25428808,24268149,49696957,31.9,93399920,3351779,36296454,134383118,4686744,137734897
73,Czechia,2017,9840093,10160468,20000561,26962382,26257013,53219395,34.16,97239625,3736370,39085893,142717744,6392226,146454114
74,Czechia,2018,10635756,10611394,21247150,28753901,26760021,55513922,38.52,96455411,3719355,35245445,136921820,5220964,140641174
75,Czechia,2019,11107866,10890500,21998366,29844204,27180563,57024767,37.67,101545247,4065248,36009097,143687775,6133431,147753024
76,Czechia,2020,8052274,2784170,10836444,23994436,7388058,31382494,25.92,73887890,1292739,23798370,99408993,1722733,100701732
77,Czechia,2021,8813943,2569658,11383601,25376927,6547315,31924242,31.61,81619906,1832800,28282795,112385198,2482497,114217998
78,Czechia,2022,12080764,7343400,19424164,32459645,18139667,50599312,46.28,96680126,2430469,32836136,134127499,4611238,136557968
79,Czechia,2023,12418741,9558930,21977671,32480862,23361609,55842471,56.45,89899245,2344955,27366705,123408851,6142901,125753806
80,Czechia,2024,12332067,10477528,22809595,31761973,25474111,57236084,55.97,91583410,2743115,27610332,123834251,4640509,126577366
81,Denmark,2013,,,,,,,94.54,60381458,9796102,37157156,98075654,537040,107871756
82,Denmark,2014,4243014,2465447,6708461,19038780,10608119,29646899,105.24,64349702,6554012,41805262,106478056,323092,113032069
83,Denmark,2015,4533666,2630938,7164604,19637924,11171416,30809340,91.84,70676367,10511935,39651030,110779582,452185,121291517
84,Denmark,2016,4751127,2767651,7518778,20266251,11630004,31896255,119.55,58243055,6779392,36920518,95640809,477237,102420201
85,Denmark,2017,4801615,2871593,7673208,20243007,11914787,32157794,161.88,60675119,10411711,26236800,90861538,3949619,101273248
86,Denmark,2018,4935224,3031450,7966674,20685784,12594611,33280395,172.07,55232250,10645935,18751153,76891586,2908183,87537521
87,Denmark,2019,5192979,3086408,8279387,21349055,12976570,34325625,120.18,88741899,13012494,30171419,123451207,4537889,136463701
88,Denmark,2020,4129801,906032,5035833,18890042,4780488,23670530,80.08,57812135,1037706,21371757,82498418,3314525,83536123
89,Denmark,2021,5232372,1185156,6417528,22735819,5820235,28556054,81.47,41498867,5406681,16909199,59719291,1311225,65125972
90,Denmark,2022,6207441,3010487,9217928,25017892,13421956,38439848,101.23,51692446,7456531,19442702,74009596,2874448,81466127
91,Denmark,2023,6091016,3319653,9410669,24268566,14677540,38946106,105.67,55835139,9438608,16101995,74747121,2809986,84185728
92,Denmark,2024,6043769,3627423,9671192,24010206,15806432,39816638,85.33,85684990,6836079,24821008,115275638,4769639,122111716
93,Estonia,2013,,,,,,,55.95,5579039,2113315,3952425,9611925,80461,11725240
94,Estonia,2014,1103755,1983315,3087070,1890165,3919299,5809464,60.79,6115054,2552139,5133343,11539242,290845,14091381
95,Estonia,2015,1182979,1929164,3112143,2011663,3770207,5781870,60.31,6752314,3336946,4468802,12191358,970241,15528304
96,Estonia,2016,1268388,2056526,3324914,2213547,4014581,6228128,67.92,6576799,3000211,4978361,11833516,278355,14833727
97,Estonia,2017,1388785,2156147,3544932,2358880,4150419,6509299,73.2,7700386,2649953,4094445,12451028,656196,15100980
98,Estonia,2018,1450960,2140535,3591495,2455763,4174552,6630315,102.6,11710447,2634396,5693161,17920941,517333,20555336
99,Estonia,2019,1536526,2253429,3789955,2591410,4375637,6967047,110.13,9160650,2610768,4311477,14434904,962777,17045673
100,Estonia,2020,1296065,676066,1972131,2270210,1403802,3674012,87.48,4765038,2074120,1999573,7104137,339526,9178257
101,Estonia,2021,1575563,562783,2138346,2716254,1282743,3998997,91.2,5401229,1768677,2368942,8073027,302857,9841705
102,Estonia,2022,1785939,1466959,3252898,3031814,2919059,5950873,128.16,7665566,1519187,2933650,10999959,400743,12519146
103,Estonia,2023,1755905,1669825,3425730,3003818,3371044,6374862,133.25,9333355,2911862,3895784,13720364,491225,16632226
104,Estonia,2024,1755327,1855063,3610390,2977933,3667975,6645908,133.13,10137549,2384204,4547274,15246978,562155,17631181
105,Finland,2013,,,,,,,101.48,68442629,13614228,41824051,118722790,8456110,132337018
106,Finland,2014,7928850,2731256,10660106,14075320,5710702,19786022,101.25,65080262,15293714,42007545,114010096,6922290,129303810
107,Finland,2015,8112802,2622039,10734841,14227773,5510350,19738123,103.33,66707422,13360818,42488666,114908310,5712222,128269128
108,Finland,2016,8319180,2788903,11108083,14572158,5771275,20343433,101.56,65040037,16557688,44964323,115692701,5688341,132250389
109,Finland,2017,8614140,3180254,11794394,15171320,6742834,21914154,101.5,71288033,15323824,41870603,120564281,7405645,135888105
110,Finland,2018,8742953,3224164,11967117,15392495,6842589,22235084,108.71,73616085,14613070,39440619,119253074,6196371,133866145
111,Finland,2019,9136439,3290238,12426677,16039663,7055997,23095660,99.33,77675806,18616034,41879893,128498619,8942919,147114653
112,Finland,2020,6446523,895577,7342100,12032325,2291336,14323661,59.0,65941492,10031292,29894102,108016551,12180956,118047843
113,Finland,2021,8167713,806962,8974675,15403349,2085366,17488715,56.85,62053465,7001303,40747869,113192087,10390754,120193391
114,Finland,2022,9405548,2127475,11533023,16996271,4974995,21971266,90.25,79932236,12299138,38535874,128119583,9651473,140418721
115,Finland,2023,9694934,2560523,12255457,17080229,5751832,22832061,101.71,74465690,12568255,36069320,123481941,12946932,136050197
116,Finland,2024,9550111,2903960,12454071,16309732,6368626,22678358,98.5,77861571,10743354,38361095,132066267,15843601,142809621
117,France,2013,,,,,,,61.3,666293318,74381061,432894258,1177899648,78712072,1252280709
118,France,2014,106884663,46073942,152958605,271406467,130908700,402315167,63.11,678369098,71201764,428107434,1189953735,83477204,1261155500
119,France,2015,110695233,46797708,157492941,279587890,130464997,410052887,63.19,601905317,53424732,390874018,1060518125,67738790,1113942857
120,France,2016,112304511,44958968,157263479,280850016,123913410,404763426,65.05,594583629,54126888,379218236,1039998283,66196418,1094125171
121,France,2017,117911260,48919374,166830634,299558737,133499991,433058728,72.82,626789641,78461800,344206272,1049371921,78376007,1127833720
122,France,2018,118970003,52505891,171475894,302038667,140721383,442760050,76.14,660029894,74835987,321920271,1063781398,81831233,1138617385
123,France,2019,123048025,51580030,174628055,310563771,135990097,446553868,75.92,635182175,71103880,312151695,1021743733,74409864,1092847613
124,France,2020,76346861,15542906,91889767,212781655,45093660,257875315,64.62,463623018,48770041,262155105,800314794,74536671,849084834
125,France,2021,97081163,20361179,117442342,267865936,56523110,324389046,67.75,518116329,52542599,305637304,908435331,84681698,960977930
126,France,2022,122713921,46221455,168935376,324342680,125449581,449792261,83.74,608715246,64487207,320254705,1015244700,86274748,1079731907
127,France,2023,127317904,53412105,180730009,321903813,138367983,460271796,86.68,661876535,59727219,335447333,1063907617,66583749,1123634836
128,France,2024,126508114,54591535,181099649,317036065,140608197,457644262,91.12,636588547,88205993,336720487,1029451910,56142876,1117657902
129,Germany,2013,,,,,,,91.99,796094427,134968368,318267743,1178024126,63661955,1312992493
130,Germany,2014,122068364,32859540,154927904,291722145,74805253,366527398,85.67,807739235,142172582,295207734,1157965754,55018785,1300138336
131,Germany,2015,126062735,34831012,160893747,299220311,78827773,378048084,87.28,799564001,124859051,333118581,1186949304,54266722,1311808356
132,Germany,2016,130218849,35404924,165623773,308904957,79946914,388851871,88.3,831869978,145352285,324481907,1214745591,58393705,1360097876
133,Germany,2017,135004792,37307331,172312123,318051999,83111219,401163218,95.53,845297449,141142904,291993749,1208220120,70928923,1349363024
134,Germany,2018,140494471,38747698,179242169,332594428,86961856,419556284,111.34,994724765,136987367,288681067,1361559780,78153948,1498547146
135,Germany,2019,145679435,39441607,185121042,347694001,89260847,436954848,105.61,935408019,139323601,306660089,1314315249,72247141,1453638850
136,Germany,2020,82691873,12410850,95102723,229025364,31732508,260757872,78.29,431030843,58918675,259204329,718721537,28486365,777640211
137,Germany,2021,82122347,11652076,93774423,235371154,30731500,266102654,89.69,562978406,101850320,264152102,854964505,27833997,956814825
138,Germany,2022,130157063,28382919,158539982,332792753,67616302,400409055,116.21,930436526,108032049,241920075,1209420961,37064360,1317453011
139,Germany,2023,143495379,34711761,178207140,351060606,80378429,431439035,125.07,925642420,110656293,316069003,1302767072,61055649,1413423364
140,Germany,2024,147267602,37419799,184687401,354827032,84792636,439619668,129.48,1066461937,117420115,325050670,1443193342,51680735,1560613457
141,Greece,2013,,,,,,,29.02,39079284,3218043,14369277,55563413,2114852,58781457
142,Greece,2014,7414809,15259242,22674051,20589198,80174274,100763472,28.51,43611092,3729817,12973433,60247379,3662854,63977197
143,Greece,2015,7665265,16501709,24166974,20900203,85164063,106064266,29.7,41987316,2463743,10979978,54975525,2008231,57439268
144,Greece,2016,8080042,16915996,24996038,22107192,87912850,110020042,32.03,39953907,3292216,10748466,53046915,2344542,56339130
145,Greece,2017,8142571,19068697,27211268,21974593,97034421,119009014,30.98,46196130,2145392,10668725,59368259,2503404,61513651
146,Greece,2018,9264746,24320893,33585639,24064088,118876323,142940411,33.74,52762062,1435682,11603432,66565271,2199777,68000953
147,Greece,2019,9163555,25038498,34202053,23623077,119971390,143594467,36.69,46418216,2137387,13280834,61288888,1589838,63426276
148,Greece,2020,4617211,5487025,10104236,12277230,26197786,38475016,29.36,46704511,863049,7229019,56041259,2107729,56904308
149,Greece,2021,5652556,12362791,18015347,14963208,58923605,73886813,33.49,50346172,1001747,6702989,59021976,1972816,60023723
150,Greece,2022,8311888,23101468,31413356,21195814,111550090,132745904,44.92,52385785,1373798,12483523,67219935,2350627,68593733
151,Greece,2023,9505853,26276571,35782424,24103015,123106806,147209821,48.05,52679693,964826,10587852,64993656,1726110,65958482
152,Greece,2024,9776628,27376639,37153267,24764341,128180321,152944662,49.41,57328930,977465,9378679,68252758,1545149,69230223
153,Hungary,2013,,,,,,,33.08,32809815,2136711,24433755,59222069,1978499,61358780
154,Hungary,2014,5515165,4617751,10132916,13702543,12351330,26053873,36.71,34533233,2180064,25595830,63152596,3023533,65332660
155,Hungary,2015,5984739,4928511,10913250,14580503,12962395,27542898,38.55,35118347,2334534,27188585,63939104,1632172,66273638
156,Hungary,2016,6346301,5301843,11648144,15489123,13802045,29291168,41.19,37171744,2350230,24686235,64088907,2230928,66439137
157,Hungary,2017,6809296,5650077,12459373,16666938,14941781,31608719,44.86,41678866,2145790,21216719,64753994,1858409,66899784
158,Hungary,2018,7170933,5945123,13116056,17489671,15340449,32830120,43.39,43701311,1680010,23601959,68914342,1611072,70594352
159,Hungary,2019,7285514,6168576,13454090,17447388,15752573,33199961,42.14,48213918,2298091,23518712,75071447,3338817,77369538
160,Hungary,2020,4264303,1366412,5630715,10825115,3773567,14598682,37.82,23656627,1260345,11579551,36181336,945158,37441681
161,Hungary,2021,4697535,1868335,6565870,12299937,5070834,17370771,40.91,26231204,1723627,12791727,39955559,932628,41679186
162,Hungary,2022,6805889,4481310,11287199,17081903,12364137,29446040,52.22,37409696,2571190,17766111,56431031,1255224,59002221
163,Hungary,2023,6715790,5487087,12202877,16314547,14173761,30488308,70.44,44612991,2992592,16336539,63572238,2622708,66564830
164,Hungary,2024,7014437,6113954,13128391,16578557,15224253,31802810,73.79,47300873,3437874,14862617,64204582,2041092,67642456
165,Iceland,2014,699733,2596740,3296473,1085049,4404834,5489883,,,,,,,
166,Iceland,2015,602016,3376068,3978084,930643,5605634,6536277,,,,,,,
167,Iceland,2016,646790,3977547,4624337,1044289,6764038,7808327,,,,,,,
168,Iceland,2019,698737,4533098,5231835,1089677,7316774,8406451,,,,,,,
169,Iceland,2020,890363,1040869,1931232,1467548,1828009,3295557,,,,,,,
170,Iceland,2021,1190857,1903026,3093883,1939623,3072791,5012414,,,,,,,
171,Iceland,2022,1253448,4076435,5329883,1968404,6578780,8547184,,,,,,,
172,Iceland,2023,1273185,4815055,6088240,1961430,7557161,9518591,,,,,,,
173,Ireland,2013,,,,,,,96.49,35377310,2942387,14876122,57715540,7462107,60657926
174,Ireland,2014,8120439,2242815,10363254,17889958,11276424,29166382,99.42,36144167,3699610,15082714,58545733,7318851,62245343
175,Ireland,2015,8088800,2666848,10755648,16247706,13462348,29710054,106.38,37878606,3521598,13174771,57912115,6858738,61433713
176,Ireland,2016,7382650,3172440,10555090,14915287,16190381,31105668,108.16,38515413,4746046,14758547,61132606,7858646,65878652
177,Ireland,2017,,,,,,,112.16,39293964,3446212,15004588,63564039,9265487,67010252
178,Ireland,2018,8970717,3289489,12260206,18257838,16813507,35071345,112.71,43713268,3861003,16985139,67710640,7012233,71571643
179,Ireland,2019,8640699,3277804,11918503,16295535,16285259,32580794,116.52,46784575,4161900,16722923,73388576,9881077,77550476
180,Ireland,2020,4118000,706004,4824004,11624000,4516254,16140254,97.22,17175131,1542609,8851491,29327406,3300784,30870014
181,Ireland,2021,3100000,738622,3838622,9696000,5234451,14930451,96.14,14278906,980998,7910013,26458319,4269400,27439317
182,Ireland,2022,7256000,2668012,9924012,18456000,16474828,34930828,124.37,46291089,3034539,19136254,72694622,7267279,75729161
183,Ireland,2023,7452009,3835670,11287679,16274003,24362147,40636150,142.96,45787912,3429823,24374170,75807727,5645645,79237550
184,Ireland,2024,8459000,4203374,12662374,17327991,24349960,41677951,138.01,57242358,4784368,28842743,93451723,7366622,98236091
185,Italy,2013,,,,,,,65.11,223515715,15210936,95845288,325255520,5894517,340466457
186,Italy,2014,54916852,51635500,106552352,190978299,186792507,377770806,57.02,185673030,25931917,90739372,282340127,5927726,308272045
187,Italy,2015,58352886,55039251,113392137,200249044,192625026,392874070,63.91,172291870,23250221,91992480,268968590,4684240,292218810
188,Italy,2016,60180004,56764239,116944243,203540299,199421814,402962113,68.06,192996076,23545067,83030059,283832459,7806325,307377526
189,Italy,2017,62672366,60523190,123195556,209970369,210658786,420629155,74.48,196706899,19801672,89218076,294341871,8416896,314143544
190,Italy,2018,64905729,63195203,128100932,212334391,216510546,428844937,73.15,221307729,35549156,102977002,331216720,6931989,366765876
191,Italy,2019,66371433,65010220,131381653,216076587,220662684,436739271,75.05,218199692,27268877,93288758,321914426,10425976,349183303
192,Italy,2020,39190227,16511911,55702138,143003478,65443607,208447085,61.62,126854832,8870815,52158153,182849381,3836395,191720195
193,Italy,2021,51767750,26903217,78670967,183054967,106123175,289178142,62.47,162447335,14194577,62923676,228051516,2680505,242246093
194,Italy,2022,63427781,55086852,118514633,210939098,201069434,412008532,71.77,193813622,14374187,82850500,281438566,4774444,295812753
195,Italy,2023,65758654,67878055,133636709,212987794,234182255,447170049,83.71,180192593,16602268,70215963,254341019,3932463,270943288
196,Italy,2024,65696652,73951291,139647943,212209602,253948443,466158045,85.66,182480878,13724849,62435368,248305025,3388780,262029874
197,Latvia,2013,,,,,,,39.7,5088193,1895063,7008495,13344863,1248174,15239927
198,Latvia,2014,667343,1431038,2098381,1282484,2875934,4158418,34.66,7390864,887692,6521998,16220312,2307450,17108004
199,Latvia,2015,664628,1474765,2139393,1236025,2873885,4109910,42.31,6110572,843640,5467208,12400892,823112,13244532
200,Latvia,2016,730011,1573632,2303643,1372065,3044532,4416597,36.71,7062609,956268,6013445,13679973,603919,14636241
201,Latvia,2017,798365,1778973,2577338,1544402,3406527,4950929,47.01,6338000,979208,5619966,12926371,968405,13905580
202,Latvia,2018,883411,1925397,2808808,1625773,3742966,5368739,50.14,5535011,1163150,5182132,11662163,945021,12825313
203,Latvia,2019,907414,1945919,2853333,1658379,3851303,5509682,59.48,5646351,1815266,6131902,12903956,1125703,14719222
204,Latvia,2020,747990,714975,1462965,1385037,1504305,2889342,35.65,3257543,551816,2712027,6659308,689738,7211125
205,Latvia,2021,864400,442188,1306588,1516390,863387,2379777,45.22,4931055,914037,3505089,10324777,1888633,11238814
206,Latvia,2022,1033196,1138873,2172069,1769701,2113221,3882922,63.62,6968794,809472,4925262,13884806,1990749,14694277
207,Latvia,2023,1046823,1388972,2435795,1793070,2577784,4370854,73.49,8635966,1583823,5805555,15919190,1477669,17503014
208,Latvia,2024,1113409,1587158,2700567,1850960,2841253,4692213,77.08,8433385,1652545,5524043,15258284,1300856,16910829
209,Liechtenstein,2014,1054,61251,62305,2070,130202,132272,,,,,,,
210,Liechtenstein,2015,983,56666,57649,2019,110465,112484,,,,,,,
211,Liechtenstein,2016,1670,69084,70754,3069,127747,130816,,,,,,,
212,Liechtenstein,2017,1677,79262,80939,3732,146892,150624,,,,,,,
213,Liechtenstein,2018,1781,85283,87064,3433,158728,162161,,,,,,,
214,Liechtenstein,2019,1781,98110,99891,3491,174095,177586,,,,,,,
215,Liechtenstein,2020,1332,58359,59691,3337,124166,127503,,,,,,,
216,Liechtenstein,2021,2638,70764,73402,6084,156302,162386,,,,,,,
217,Liechtenstein,2022,1699,100814,102513,3707,195032,198739,,,,,,,
218,Liechtenstein,2023,2360,114399,116759,4525,217741,222266,,,,,,,
219,Liechtenstein,2024,2798,117789,120587,5277,223302,228579,,,,,,,
220,Lithuania,2013,,,,,,,44.69,6905820,2357815,9309115,18353632,2138696,20711446
221,Lithuania,2014,1316696,1356835,2673531,3431178,3033826,6465004,48.32,7462730,2448904,7126720,16653449,2063999,19102353
222,Lithuania,2015,1417321,1388487,2805808,3570465,3010727,6581192,49.17,7874365,2647851,7461550,17162961,1827046,19810812
223,Lithuania,2016,1546624,1517890,3064514,3719254,3273420,6992674,52.84,8207079,2751863,7125620,17096697,1763997,19848560
224,Lithuania,2017,1669403,1583801,3253204,3933691,3431233,7364924,54.35,9063269,2850036,6519301,17369129,1786560,20219165
225,Lithuania,2018,1875657,1744733,3620390,4354797,3736850,8091647,55.84,10363825,3039223,6181873,18556756,2011058,21595979
226,Lithuania,2019,2099777,1937972,4037749,4804232,4142526,8946758,56.59,9960610,3158496,7018685,18911577,1932281,22070072
227,Lithuania,2020,1615148,511566,2126714,3812166,1119591,4931757,51.28,4543342,1455283,3148176,8978558,1287040,10433840
228,Lithuania,2021,1962633,505361,2467994,4359753,1182795,5542548,52.68,6340632,1941231,3037056,10857176,1479488,12798407
229,Lithuania,2022,2675666,1149537,3825203,5458686,2614444,8073130,63.26,10600435,3503529,5285441,17514985,1629108,21018513
230,Lithuania,2023,2622501,1369549,3992050,5471881,3001947,8473828,64.21,12113339,4049269,5792326,19617909,1712244,23667178
231,Lithuania,2024,2656513,1449052,4105565,5537953,3102171,8640124,62.84,13614928,4618319,6344824,21819716,1859964,26438035
232,Luxembourg,2013,,,,,,,119.21,6883930,933891,2638683,9783294,260680,10717185
233,Luxembourg,2014,104417,1038475,1142892,354226,2513585,2867811,130.31,7537271,1002946,2352757,10326351,436323,11329297
234,Luxembourg,2015,113471,1150913,1264384,340447,2862290,3202737,122.37,7377576,765628,2342978,10209454,488900,10975082
235,Luxembourg,2016,116915,1166258,1283173,332673,2936548,3269221,120.33,7771868,603678,2261191,10230999,197940,10834677
236,Luxembourg,2017,131482,1159497,1290979,358649,2875330,3233979,112.05,10066984,1643562,4250012,14883590,566593,16527151
237,Luxembourg,2018,135711,1141038,1276749,371120,2802737,3173857,131.7,9490267,1557616,4447905,14410074,471902,15967690
238,Luxembourg,2019,139289,1186374,1325663,367594,2797162,3164756,154.01,9308537,1732792,4231008,14132994,593449,15865786
239,Luxembourg,2020,151783,473388,625171,403414,1289968,1693382,107.14,5716536,999318,4384061,10664213,563617,11663531
240,Luxembourg,2021,153785,683259,837044,434995,1788781,2223776,114.93,7557458,1348684,5696909,13897802,643435,15246486
241,Luxembourg,2022,181576,1132054,1313630,488592,2807759,3296351,175.21,11851230,1346304,7228479,20127976,1048268,21474281
242,Luxembourg,2023,183963,1258072,1442035,473681,3012273,3485954,182.83,11569406,2055657,7434678,19730034,725950,21785690
243,Luxembourg,2024,203446,1364853,1568299,458952,3225517,3684469,190.6,12109730,1929122,7371093,20220287,739465,22149410
244,Malta,2013,,,,,,,118.93,1619258,436119,820278,2643094,203558,3079213
245,Malta,2014,155378,1399301,1554679,352733,8428215,8780948,112.49,2150069,489931,268947,2605261,186244,3095191
246,Malta,2015,157267,1428801,1586068,373242,8542055,8915297,123.75,2230193,471709,243903,2645618,171522,3117327
247,Malta,2016,151389,1468143,1619532,348753,8622438,8971191,113.78,2735068,302611,226813,3175125,213244,3477736
248,Malta,2017,167109,1662358,1829467,396167,9184162,9580329,127.98,2973464,493195,292638,3497465,231364,3990661
249,Malta,2018,184577,1798002,1982579,429040,9685156,10114196,134.1,3346772,572153,325008,3946597,274817,4518750
250,Malta,2019,201076,1821836,2022912,474950,9436332,9911282,141.83,3469104,530891,285906,3931752,176742,4462643
251,Malta,2020,219321,486393,705714,547501,2397683,2945184,90.01,1555950,326632,349181,2067118,161988,2393750
252,Malta,2021,245245,736742,981987,672357,3940602,4612959,106.15,1936426,385962,602978,2694790,155386,3080752
253,Malta,2022,254512,1559649,1814161,661199,7549225,8210424,123.14,3421594,409598,429166,4024825,174065,4434422
254,Malta,2023,259363,1992637,2252000,685459,9206833,9892292,137.22,4023819,564773,733886,4947258,189553,5512030
255,Malta,2024,271588,2278803,2550391,715096,10605083,11320179,135.09,4333546,618650,1077663,5722239,311031,6340889
256,Montenegro,2015,153185,1559924,1713109,747576,10307371,11054947,,,,,,,
257,Montenegro,2016,151696,1662121,1813817,721530,10528475,11250005,33.2,3821469,1216896,3792320,8292121,678332,9509018
258,Montenegro,2017,111890,843609,955499,431370,3459000,3890370,38.21,3423635,1015153,2579441,6643096,640020,7658249
259,Montenegro,2022,140333,1025642,1165975,528457,3787237,4315694,,,,,,,
260,Montenegro,2023,158021,1278125,1436146,564693,4560288,5124981,,,,,,,
261,Montenegro,2024,167140,1279340,1446480,597156,4603420,5200576,,,,,,,
262,Netherlands,2013,,,,,,,56.94,219058686,7222577,37606131,258001099,1336281,265223676
263,Netherlands,2014,21931193,13924881,35856074,65328010,34423552,99751562,57.28,217023187,7006643,34536922,252360797,800688,259367439
264,Netherlands,2015,22311303,15007135,37318438,66236714,37297588,103534302,57.26,219524023,7034794,33529448,253875431,821960,260910225
265,Netherlands,2016,23053578,15829488,38883066,66589317,39623541,106212858,59.5,229922847,7747220,31580618,262183104,679639,269930324
266,Netherlands,2017,24310943,17924191,42235134,67528773,44169041,111697814,73.74,227663686,11687356,48162654,279942179,4115839,291629535
267,Netherlands,2018,25132289,18780326,43912615,69080031,47001546,116081577,74.07,236886095,9765498,41587026,282130430,3657309,291895928
268,Netherlands,2019,25786602,20129400,45916002,71692192,51750379,123442571,75.66,250530661,11938383,33585960,287611091,3494471,299549475
269,Netherlands,2020,20035412,7265370,27300782,64042422,21372439,85414861,48.78,133536223,5981849,19288404,153876388,1051761,159858237
270,Netherlands,2021,25472295,6248089,31720384,82479471,18614806,101094277,66.92,200253808,4575630,22256718,227492379,4981852,232068008
271,Netherlands,2022,29417995,16582261,46000256,84478125,48160140,132638265,79.23,246532827,9589182,31202534,296588484,18853123,306177666
272,Netherlands,2023,29100201,20303590,49403791,83168429,59104032,142272461,83.83,258700730,12790674,30409900,310009828,20899199,322800502
273,Netherlands,2024,30012347,21253245,51265592,83857504,61511827,145369331,95.84,242527606,12336145,37052520,291669554,12089428,304005699
274,North Macedonia,2014,207572,417090,624662,618865,900148,1519013,,,,,,,
275,North Macedonia,2015,219532,479152,698684,619060,1020943,1640003,,,,,,,
276,North Macedonia,2016,228882,508300,737182,644167,1050917,1695084,,,,,,,
277,North Macedonia,2017,242674,626879,869553,686100,1289111,1975211,,,,,,,
278,North Macedonia,2018,268612,702833,971445,727607,1483982,2211589,,,,,,,
279,North Macedonia,2019,276091,755438,1031529,721216,1573667,2294883,34.92,1923299,54760,1214883,3237331,99149,3292091
280,North Macedonia,2020,233969,118101,352070,621922,252417,874339,30.15,878358,0,398137,1306151,0,1320712
281,North Macedonia,2021,251830,293919,545749,652150,670134,1322284,38.32,1843210,0,494578,2391317,53529,2413243
282,North Macedonia,2022,261898,537037,798935,675621,1143265,1818886,,,,,,,
283,North Macedonia,2023,266035,733441,999476,668340,1404586,2072926,,,,,,,
284,North Macedonia,2024,255652,829599,1085251,650132,1530378,2180510,,,,,,,
285,Norway,2013,,,,,,,161.67,61948147,13445668,13025592,84325016,9351277,97770684
286,Norway,2014,13824254,4854610,18678864,22162724,8451333,30614057,147.96,73577814,18331631,21745792,105032979,9709373,123364610
287,Norway,2015,14029604,5303531,19333135,22739800,8851422,31591222,162.63,68454463,13606157,17055153,94670695,9161079,108276853
288,Norway,2016,14673056,5920859,20593915,23301585,9672993,32974578,161.38,68332549,13425432,18672622,94736432,7731260,108161864
289,Norway,2017,,,,,,,167.85,71419533,14176450,19245994,100503001,9837474,114679451
290,Norway,2018,,,,,,,143.95,73790511,15365214,19684825,104248467,10773131,119613681
291,Norway,2020,10034858,1387137,11421995,20402530,3318303,23720833,,,,,,,
292,Norway,2021,11149706,1435366,12585072,23782515,3309531,27092046,97.93,56971519,11368481,25366746,91046060,8707796,102414541
293,Norway,2022,13133328,4979438,18112766,26313965,9813229,36127194,165.95,82208207,17938462,27740547,120381357,10432603,138319819
294,Norway,2023,13353220,5951367,19304587,25907064,11137428,37044492,127.4,75528346,15557356,28859110,114936161,10548705,130493517
295,Norway,2024,13492337,6670410,20162747,26162501,12425429,38587930,148.56,83675172,16425870,28877028,123561448,11009249,139987318
296,Poland,2013,,,,,,,47.12,164228221,37141667,67100405,255774882,24446257,292916549
297,Poland,2014,19613643,5470335,25083978,53587348,12992241,66579589,32.42,133370538,11822555,110669295,269520113,25480281,281342668
298,Poland,2015,21252486,5689570,26942056,57476764,13757657,71234421,35.14,142127592,13206550,106111597,273200038,24960849,286406588
299,Poland,2016,23729515,6378793,30108308,63814635,15579225,79393860,35.46,149128663,13220414,115795002,295257374,30333709,308477788
300,Poland,2017,25185677,6803667,31989344,67175700,16705215,83880915,37.54,158213009,15542021,126819601,317808338,32775728,333350359
301,Poland,2018,26813699,7082231,33895930,71117812,17742651,88860463,39.93,162230523,16277964,135583400,329577876,31763953,345855840
302,Poland,2019,28197545,7470546,35668091,74659162,18683576,93342738,40.91,177679271,16947657,141021935,349964419,31263213,366912076
303,Poland,2020,15615208,2263761,17878969,44754216,6622952,51377168,36.36,123758377,10947153,95047001,234409551,15604174,245356704
304,Poland,2021,19689140,2509832,22198972,55672507,7165013,62837520,36.76,146780359,14150699,109275755,276890719,20834605,291041418
305,Poland,2022,28402393,5846611,34249004,75194553,14759246,89953799,44.33,180618273,18790919,134414241,343340155,28307642,362131075
306,Poland,2023,29164646,7074555,36239201,75786956,17010905,92797861,52.27,188444673,16864476,126990283,341302871,25867916,358167347
307,Poland,2024,30966882,7875518,38842400,79256114,18392029,97648143,60.15,189405183,16936294,127117132,345458579,28936264,362394873
308,Portugal,2013,,,,,,,22.1,35473551,6693043,27826283,66822533,3522699,73515577
309,Portugal,2014,8213985,9688312,17902297,19349092,35630345,54979437,35.2,31636771,5451483,20937847,56022200,3447582,61473683
310,Portugal,2015,8940270,10839925,19780195,20522609,38897329,59419938,39.05,32910952,6972596,21644037,58345352,3790363,65317948
311,Portugal,2016,9572917,12343982,21916899,22054931,43959295,66014226,36.9,34854732,5785048,19394505,56889299,2640062,62674347
312,Portugal,2017,10257547,14299650,24557197,23150944,48884842,72035786,38.54,39469265,5417791,22356305,65095435,3269865,70513227
313,Portugal,2018,10830619,15035803,25866422,24555272,49852324,74407596,43.39,41224733,7148861,21840101,65765983,2701149,72914844
314,Portugal,2019,11694640,16200438,27895078,26002000,51592254,77594254,49.72,48546963,7344064,23246285,75478527,3685278,82822590
315,Portugal,2020,7130802,3864594,10995396,16775906,13381894,30157800,37.5,38014137,3812446,15135979,56785700,3635584,60598145
316,Portugal,2021,9190822,5941638,15132460,22369511,20074908,42444419,42.2,43960616,4046478,16950149,64824762,3913998,68871240
317,Portugal,2022,12009431,15328024,27337455,27363326,49584659,76947985,56.7,46639569,6682027,21853541,72536110,4043000,79218137
318,Portugal,2023,12611122,18202000,30813122,27939627,56947203,84886830,61.37,47331803,6434390,23953685,75747607,4462119,82181997
319,Portugal,2024,13008522,19326890,32335412,28416210,59657373,88073583,69.27,46804770,5086739,23644560,74698066,4248736,79784805
320,Romania,2013,,,,,,,25.54,29457798,5007443,37826352,68143249,859099,73150692
321,Romania,2014,6532213,1911817,8444030,16467780,3762465,20230245,26.15,28316773,4851846,37321122,66603761,965866,71455607
322,Romania,2015,7664325,2234232,9898557,18985269,4460017,23445286,29.84,27799020,5438006,31871067,60815646,1145559,66253652
323,Romania,2016,8445821,2471411,10917232,20462599,4812050,25274649,32.19,29041812,4234758,32100538,62421872,1279522,66656630
324,Romania,2017,9306915,2749258,12056173,21647603,5267970,26915573,35.18,32655433,4841217,30171312,64092728,1265984,68933945
325,Romania,2018,10029531,2786468,12815999,23154660,5306493,28461153,38.25,35122207,4631554,29349783,65602633,1130643,70234187
326,Romania,2019,10604562,2672887,13277449,24620841,5269053,29889894,43.87,39357684,5108381,30419256,71198331,1421390,76306711
327,Romania,2020,5886981,,,13458330,996134,14454464,41.15,20645100,1597071,20306881,41326916,374935,42923987
328,Romania,2021,9168707,873883,10042590,20508623,1913848,22422471,47.45,34497234,2945745,27111986,62233294,624073,65179039
329,Romania,2022,10712281,1662334,12374615,22976069,3638152,26614221,67.16,37358801,3014409,26610292,64729585,760492,67743994
330,Romania,2023,11562950,2102779,13665729,24738466,4467102,29205568,67.14,43368994,2925273,31378885,75676069,928190,78601342
331,Romania,2024,11894934,2387632,14282566,25290103,4941101,30231204,75.18,47859014,2979080,30209200,78892529,824314,81871608
332,Serbia,2014,1125645,976221,2101866,3879642,2074680,5954322,,,,,,,
333,Serbia,2015,1281983,1127284,2409267,4217374,2402065,6619439,,,,,,,
334,Serbia,2016,1445608,1277956,2723564,4766970,2735528,7502498,,,,,,,
335,Serbia,2018,,,,,,,41.74,4397809,1411097,4387139,9990583,1205634,11401680
336,Serbia,2020,1372257,445672,1817929,4933011,1264383,6197394,,,,,,,
337,Serbia,2021,1718454,870946,2589400,5727351,2428804,8156155,,,,,,,
338,Serbia,2022,2096472,1772763,3869235,7306219,4939394,12245613,,,,,,,
339,Serbia,2023,2058492,2134305,4192797,6858331,5582604,12440935,,,,,,,
340,Serbia,2024,2048016,2384735,4432751,6564402,6097749,12662151,,,,,,,
341,Slovakia,2013,,,,,,,54.38,20510902,4574450,5308843,28055234,2235489,32629684
342,Slovakia,2014,2229662,1459974,3689636,6928868,3852147,10781015,58.03,15141243,3628368,9095982,27700039,3462815,31328407
343,Slovakia,2015,2573289,1700746,4274035,7791475,4384800,12176275,57.91,21107185,3904311,10467962,35171016,3595868,39075326
344,Slovakia,2016,2948498,1995812,4944310,8856568,5038214,13894782,55.34,21582262,4405209,11631409,37438905,4225234,41844114
345,Slovakia,2017,3158266,2129507,5287773,9350992,5316945,14667937,61.91,23990385,3523217,11897091,40680587,4793111,44203804
346,Slovakia,2018,3273224,2213983,5487207,9629258,5558882,15188140,58.24,27405766,4574650,16587197,48595423,4602461,53170073
347,Slovakia,2019,3858686,2409115,6267801,11177659,6047674,17225333,60.91,31672414,4987540,17863534,56083882,6547935,61071423
348,Slovakia,2020,2271926,823886,3095812,7194393,2243393,9437786,48.27,11086268,936928,6872160,20338363,2379935,21275292
349,Slovakia,2021,2077005,562814,2639819,6491559,1424388,7915947,55.23,13382650,986477,7626048,24260303,3251605,25246780
350,Slovakia,2022,3145423,1555824,4701247,8697709,3651100,12348809,71.9,22303286,1947713,11343155,39277733,5631291,41225446
351,Slovakia,2023,3527332,2021960,5549292,9639648,4720206,14359854,82.36,28776061,2382094,12499822,48055081,6779197,50437175
352,Slovakia,2024,3630850,2100161,5731011,9769022,4897842,14666864,95.82,32037694,3051828,10879791,48670575,5753090,51722404
353,Slovenia,2013,,,,,,,52.19,13914622,1612418,3145077,17553876,494176,19166294
354,Slovenia,2014,1100862,2373990,3474852,3465829,6004623,9470452,55.78,13603213,1573540,2936010,16996796,457573,18570337
355,Slovenia,2015,1209019,2669204,3878223,3695121,6529086,10224207,53.71,15556026,1802635,2742685,18766734,468023,20569370
356,Slovenia,2016,1273017,2990794,4263811,3805661,7252070,11057731,53.95,15586978,1633780,3347261,19704239,770000,21338019
357,Slovenia,2017,1348977,3543009,4891986,3982065,8478019,12460084,57.64,15718157,1498537,2937489,19084273,428627,20582810
358,Slovenia,2018,,,,,,,61.24,17065079,2057697,3010001,20659449,584369,22717146
359,Slovenia,2019,1527029,4694812,6221841,4403016,11355675,15758691,61.99,15849117,1722724,2921390,19359850,589342,21082573
360,Slovenia,2020,1847384,1211235,3058619,5845635,3342668,9188303,39.17,9503991,383436,1154734,10876708,217982,11260144
361,Slovenia,2021,2169165,1827889,3997054,6451205,4780575,11231780,69.22,15457953,1747039,4339075,20211530,414502,21958569
362,Slovenia,2022,1931242,3928872,5860114,5503765,10054900,15558665,75.11,17951566,2041507,5035409,23608157,621183,25649664
363,Slovenia,2023,1533827,4651952,6185779,4569928,11532874,16102802,87.48,20150900,2567932,7447312,28408462,810250,30976394
364,Slovenia,2024,1528953,5046206,6575159,4498552,12336851,16835403,92.9,21942695,2034700,6959960,29585351,682696,31620051
365,Spain,2013,,,,,,,38.32,350490165,43244326,203265155,610997292,57241972,654241617
366,Spain,2014,55185879,52359130,107545009,144327228,259635794,403963022,39.12,336651430,39874000,192438504,582575255,53485320,622449254
367,Spain,2015,59021796,55426615,114448411,152808273,269418103,422226376,53.77,293323700,22099682,221253848,561341240,46763693,583440923
368,Spain,2016,62199939,61341839,123541778,160400822,294556428,454957250,57.95,326316743,28995345,226048885,592882573,40516945,621877918
369,Spain,2017,64159337,65233045,129392382,165292267,305907462,471199729,60.46,357411207,26132287,207952213,603460042,38096622,629592329
370,Spain,2018,65032598,65771059,130803657,165918083,301022634,466940717,64.72,354726453,26434825,212218793,600716796,33771551,627151621
371,Spain,2019,67280725,67728098,135008823,170722142,299091409,469813551,66.0,360848808,25437242,207327698,604837478,36660972,630274720
372,Spain,2020,32225935,13391038,45616973,83778193,60898835,144677028,45.57,211367519,11587409,137475630,376734928,27891779,388322337
373,Spain,2021,55069349,25685365,80754714,145188204,114391555,259579759,55.23,274636581,16352848,167283434,481056919,39136903,497409766
374,Spain,2022,70542990,62501719,133044709,180184036,271440904,451624940,71.74,340540223,22974043,197893911,582218125,43783991,605192168
375,Spain,2023,72690996,72140336,144831332,183129528,301857957,484987485,80.12,363903717,26231123,208406325,609145517,36835475,635376640
376,Spain,2024,71997969,77668372,149666341,182936205,322229807,505166012,83.75,371194935,27567897,214437806,628546052,42913311,656113949
377,Sweden,2014,20397005,5455363,25852368,40019659,12260712,52280371,59.91,93161510,15988128,37952125,145482266,14368632,161470394
378,Sweden,2015,21788707,6267866,28056573,41998923,13612924,55611847,65.25,96268440,11633548,41532520,152353716,14552755,163987263
379,Sweden,2016,22524467,6550337,29074804,43236883,13997265,57234148,55.47,108937949,16677425,38628909,164351618,16784760,181029043
380,Sweden,2017,23033004,6840963,29873967,44044499,14638702,58683201,155.97,120465406,35161755,136934421,276331101,18931274,311492855
381,Sweden,2018,23519609,7217241,30736850,45171193,15685681,60856874,146.96,107381785,28615381,113446621,233008306,12179900,261623686
382,Sweden,2019,24490475,7407227,31897702,47195047,15980234,63175281,140.16,102176503,26459175,108090840,225122300,14854957,251581475
383,Sweden,2020,16836292,1849790,18686082,35370036,4434525,39804561,74.61,80427135,17087409,74739456,176469656,21303065,193557066
384,Sweden,2021,21041125,2893705,23934830,43532176,6512444,50044620,83.53,81297515,18385105,94026092,197106714,21783107,215491819
385,Sweden,2022,25431746,6442184,31873930,48958144,13967415,62925559,112.89,139476307,33717436,121679211,283243471,22087952,316960906
386,Sweden,2023,25547642,7305634,32853276,48316077,15580042,63896119,,,,,,,
387,Sweden,2024,25180528,8432588,33613116,46952733,17163352,64116085,149.78,165789468,27451915,130160908,322015652,26065276,349467568
388,Switzerland,2013,,,,,,,117.28,86324449,4589346,23072551,119572184,10175184,124161530
389,Switzerland,2014,,,,,,,105.89,86083227,5718462,24890390,120093628,9120011,125812090
390,Switzerland,2015,,,,,,,119.68,90052129,5195663,28817570,126970643,8100944,132166305
391,Switzerland,2016,11136172,10385876,21522048,26414287,23982739,50397026,120.67,97871710,4631027,27805456,135672248,9995081,140303275
392,Switzerland,2017,11688312,11116241,22804553,27805093,25478223,53283316,113.23,95848912,4748026,36026055,143383599,11508632,148131625
393,Switzerland,2018,12247802,11696528,23944329,28609658,26747521,55357179,115.08,100555900,4914177,32362731,139711403,6792773,144625580
394,Switzerland,2019,12576425,11798912,24375337,29391499,26843131,56234630,115.49,90715012,7192747,32660292,135431416,12056112,142624163
395,Switzerland,2020,,,,,,,89.71,64763646,3658207,18603120,89870221,6503454,93528427
396,Switzerland,2021,13592521,4367894,17960415,34343879,11540609,45884489,107.99,62184752,4612981,22564378,88466752,3717622,93079733
397,Switzerland,2022,14166111,9139057,23305168,33446345,22193751,55640095,130.65,84339850,2221402,34222488,123906856,5344518,126128258
398,Switzerland,2023,14341963,11598670,25940633,32858344,26452859,59311203,,,,,,,
399,Switzerland,2024,14347540,12291219,26638759,32396364,27719929,60116293,,,,,,,
400,Türkiye,2014,,,,32448842,97581075,130029917,,,,,,,
401,Türkiye,2015,,,,37480990,96400316,133881306,,,,,,,
402,Türkiye,2016,,,,46752171,65793316,112545487,,,,,,,
403,Türkiye,2018,40822111,31135545,71957656,78441583,112245139,190686722,,,,,,,
404,Türkiye,2019,42012998,38853764,80866762,78478855,132808208,211287063,,,,,,,
405,Türkiye,2020,29100813,12778621,41879434,55228050,40095043,95323093,,,,,,,
406,Türkiye,2021,42216013,28521748,70737761,82910139,93123579,176033718,,,,,,,
407,Türkiye,2022,48250594,46580333,94830927,93969165,148552999,242522164,,,,,,,
408,Türkiye,2023,37283173,40014918,77298091,72595189,130592641,203187830,,,,,,,
409,Türkiye,2024,39198606,44044950,83243556,76418208,139599507,216017715,,,,,,,
410,United Kingdom,2013,,,,,,,69.25,492599248,79569396,285183009,804313588,26531332,883882984
411,United Kingdom,2014,76849990,40849630,117699620,185710000,257670180,443380180,,,,,,,
412,United Kingdom,2015,80136150,44274119,124410269,189788000,275650028,465438028,,,,,,,
413,United Kingdom,2016,78571470,43469604,122041074,196903030,279453071,476356101,,,,,,,
